sample_index,captured_at_utc,elapsed_s,joint_feedback_unix_s,pose_feedback_unix_s,status_feedback_unix_s,control_mode,arm_status,teach_status,motion_status,joint_1_rad,joint_2_rad,joint_3_rad,joint_4_rad,joint_5_rad,joint_6_rad,joint_7_rad,x_m,y_m,z_m,roll_rad,pitch_rad,yaw_rad
0,2026-09-25T06:52:42.382+00:00,0.2,1790319162.3794618,1790319162.3744633,1790319162.3817532,CAN_CTRL,NORMAL,DISABLED,REACH_TARGET_POS_SUCCESSFULLY,0.12199851471440364,0.08881980563399144,0.055710909723659004,0.08342673824532895,-0.016859880574265223,0.21183061131455178,-1.0407223796716987,-0.070205,-0.033023,0.717699,1.296744727646747,-0.6874677390680465,0.30058060377846346
1,2026-09-25T06:52:42.582+00:00,0.401,1790319162.5797067,1790319162.5762396,1790319162.5817833,CAN_CTRL,NORMAL,DISABLED,REACH_TARGET_POS_SUCCESSFULLY,0.12199851471440364,0.08881980563399144,0.055710909723659004,0.08342673824532895,-0.016859880574265223,0.21183061131455178,-1.0407223796716987,-0.070205,-0.033023,0.717699,1.296744727646747,-0.6874677390680465,0.30058060377846346
2,2026-09-25T06:52:42.782+00:00,0.6,1790319162.7802517,1790319162.7758956,1790319162.7818499,CAN_CTRL,NORMAL,DISABLED,REACH_TARGET_POS_SUCCESSFULLY,0.12199851471440364,0.08881980563399144,0.055710909723659004,0.08342673824532895,-0.016859880574265223,0.21183061131455178,-1.0407223796716987,-0.070205,-0.033023,0.717699,1.296744727646747,-0.6874677390680465,0.30058060377846346
3,2026-09-25T06:52:42.982+00:00,0.801,1790319162.9802048,1790319162.977309,1790319162.981779,CAN_CTRL,NORMAL,DISABLED,REACH_TARGET_POS_SUCCESSFULLY,0.12199851471440364,0.08881980563399144,0.055710909723659004,0.08342673824532895,-0.016859880574265223,0.21183061131455178,-1.0407223796716987,-0.070205,-0.033023,0.717699,1.296744727646747,-0.6874677390680465,0.30058060377846346
4,2026-09-25T06:52:43.182+00:00,1.001,1790319163.179682,1790319163.1752317,1790319163.1817827,CAN_CTRL,NORMAL,DISABLED,REACH_TARGET_POS_SUCCESSFULLY,0.12199851471440364,0.08881980563399144,0.055710909723659004,0.08342673824532895,-0.016859880574265223,0.21183061131455178,-1.0407223796716987,-0.070205,-0.033023,0.717699,1.296744727646747,-0.6874677390680465,0.30058060377846346
5,2026-09-25T06:52:43.382+00:00,1.201,1790319163.3808053,1790319163.37509,1790319163.381818,CAN_CTRL,NORMAL,DISABLED,REACH_TARGET_POS_SUCCESSFULLY,0.12199851471440364,0.08881980563399144,0.055710909723659004,0.08342673824532895,-0.016859880574265223,0.21183061131455178,-1.0407223796716987,-0.070205,-0.033023,0.717699,1.296744727646747,-0.6874677390680465,0.30058060377846346
6,2026-09-25T06:52:43.582+00:00,1.4,1790319163.5799685,1790319163.5745704,1790319163.5819962,CAN_CTRL,NORMAL,DISABLED,REACH_TARGET_POS_SUCCESSFULLY,0.12199851471440364,0.08881980563399144,0.055710909723659004,0.08342673824532895,-0.016859880574265223,0.21183061131455178,-1.0407223796716987,-0.070205,-0.033023,0.717699,1.296744727646747,-0.6874677390680465,0.30058060377846346
7,2026-09-25T06:52:43.782+00:00,1.601,1790319163.7813654,1790319163.7754529,1790319163.781837,CAN_CTRL,NORMAL,DISABLED,REACH_TARGET_POS_SUCCESSFULLY,0.12199851471440364,0.08881980563399144,0.055710909723659004,0.08342673824532895,-0.016859880574265223,0.21183061131455178,-1.0407223796716987,-0.070205,-0.033023,0.717699,1.296744727646747,-0.6874677390680465,0.30058060377846346
8,2026-09-25T06:52:43.982+00:00,1.801,1790319163.981295,1790319163.9745293,1790319163.9819372,CAN_CTRL,NORMAL,DISABLED,REACH_TARGET_POS_SUCCESSFULLY,0.12199851471440364,0.08881980563399144,0.055710909723659004,0.08342673824532895,-0.016859880574265223,0.21183061131455178,-1.0407223796716987,-0.070205,-0.033023,0.717699,1.296744727646747,-0.6874677390680465,0.30058060377846346
9,2026-09-25T06:52:44.182+00:00,2.0,1790319164.1799932,1790319164.175059,1790319164.1818798,CAN_CTRL,NORMAL,DISABLED,REACH_TARGET_POS_SUCCESSFULLY,0.12199851471440364,0.08881980563399144,0.055710909723659004,0.08342673824532895,-0.016859880574265223,0.21183061131455178,-1.0407223796716987,-0.070205,-0.033023,0.717699,1.296744727646747,-0.6874677390680465,0.30058060377846346
10,2026-09-25T06:52:44.382+00:00,2.2,1790319164.3802524,1790319164.3766022,1790319164.376894,CAN_CTRL,NORMAL,DISABLED,REACH_TARGET_POS_SUCCESSFULLY,0.12199851471440364,0.08881980563399144,0.055710909723659004,0.08342673824532895,-0.016859880574265223,0.21183061131455178,-1.0407223796716987,-0.070205,-0.033023,0.717699,1.296744727646747,-0.6874677390680465,0.30058060377846346
11,2026-09-25T06:52:44.582+00:00,2.4,1790319164.5798204,1790319164.574618,1790319164.5822074,CAN_CTRL,NORMAL,DISABLED,REACH_TARGET_POS_SUCCESSFULLY,0.12199851471440364,0.08881980563399144,0.055710909723659004,0.08342673824532895,-0.016859880574265223,0.21183061131455178,-1.0407223796716987,-0.070205,-0.033023,0.717699,1.296744727646747,-0.6874677390680465,0.30058060377846346
12,2026-09-25T06:52:44.782+00:00,2.601,1790319164.7797496,1790319164.7743921,1790319164.77685,CAN_CTRL,NORMAL,DISABLED,REACH_TARGET_POS_SUCCESSFULLY,0.12199851471440364,0.08881980563399144,0.055710909723659004,0.08342673824532895,-0.016859880574265223,0.21183061131455178,-1.0407223796716987,-0.070205,-0.033023,0.717699,1.296744727646747,-0.6874677390680465,0.30058060377846346
13,2026-09-25T06:52:44.982+00:00,2.801,1790319164.979986,1790319164.9758494,1790319164.981908,CAN_CTRL,NORMAL,DISABLED,REACH_TARGET_POS_SUCCESSFULLY,0.12199851471440364,0.08881980563399144,0.055710909723659004,0.08342673824532895,-0.016859880574265223,0.21183061131455178,-1.0407223796716987,-0.070205,-0.033023,0.717699,1.296744727646747,-0.6874677390680465,0.30058060377846346
