time_utc,elapsed_s,arm_status,motion_status,control_mode,teach_status,error_code,joint_1_rad,joint_2_rad,joint_3_rad,joint_4_rad,joint_5_rad,joint_6_rad,joint_7_rad,joint_1_enabled,joint_2_enabled,joint_3_enabled,joint_4_enabled,joint_5_enabled,joint_6_enabled,joint_7_enabled,joint_1_voltage_v,joint_2_voltage_v,joint_3_voltage_v,joint_4_voltage_v,joint_5_voltage_v,joint_6_voltage_v,joint_7_voltage_v
2026-09-25T07:45:24.078166+00:00,0.0,,,,,,,,,,,,,,,,,,,,,,,,,,
2026-09-25T07:45:24.579025+00:00,0.501,NORMAL(0x0),REACH_TARGET_POS_SUCCESSFULLY(0x0),CAN_CTRL(0x1),DISABLED(0x0),0x0000,0.017366026057343577,-0.5787337266687997,0.02806489437206882,-0.2995334062272668,0.011292280260403312,0.2056346924699719,-0.4734205596034619,True,True,True,True,True,True,True,23.6,23.700000000000003,23.6,23.900000000000002,23.5,23.6,23.900000000000002
2026-09-25T07:45:25.078890+00:00,1.001,NORMAL(0x0),REACH_TARGET_POS_SUCCESSFULLY(0x0),CAN_CTRL(0x1),DISABLED(0x0),0x0000,0.017366026057343577,-0.5787337266687997,0.028012534494508988,-0.2995334062272668,0.011187560505283653,0.20565214576249183,-0.4734205596034619,True,True,True,True,True,True,True,23.6,23.700000000000003,23.6,23.900000000000002,23.5,23.6,23.900000000000002
2026-09-25T07:45:25.578833+00:00,1.501,NORMAL(0x0),REACH_TARGET_POS_SUCCESSFULLY(0x0),CAN_CTRL(0x1),DISABLED(0x0),0x0000,0.017366026057343577,-0.5787337266687997,0.028012534494508988,-0.2995334062272668,0.011257373675363426,0.20573941222509157,-0.4734205596034619,True,True,True,True,True,True,True,23.6,23.700000000000003,23.6,23.900000000000002,23.5,23.6,23.900000000000002
2026-09-25T07:45:26.078811+00:00,2.001,NORMAL(0x0),REACH_TARGET_POS_SUCCESSFULLY(0x0),CAN_CTRL(0x1),DISABLED(0x0),0x0000,0.017366026057343577,-0.5787337266687997,0.028012534494508988,-0.2995334062272668,0.011257373675363426,0.20565214576249183,-0.4734205596034619,True,True,True,True,True,True,True,23.6,23.700000000000003,23.6,23.900000000000002,23.5,23.6,23.900000000000002
2026-09-25T07:45:26.578862+00:00,2.501,NORMAL(0x0),REACH_TARGET_POS_SUCCESSFULLY(0x0),CAN_CTRL(0x1),DISABLED(0x0),0x0000,0.017383479349863524,-0.5787337266687997,0.028012534494508988,-0.2995334062272668,0.011205013797803596,0.20565214576249183,-0.4734205596034619,True,True,True,True,True,True,True,23.6,23.8,23.6,23.900000000000002,23.5,23.6,23.900000000000002
2026-09-25T07:45:27.078747+00:00,3.001,NORMAL(0x0),REACH_TARGET_POS_SUCCESSFULLY(0x0),CAN_CTRL(0x1),DISABLED(0x0),0x0000,0.017383479349863524,-0.5787337266687997,0.028099800957108706,-0.2995334062272668,0.011205013797803596,0.2056346924699719,-0.4734205596034619,True,True,True,True,True,True,True,23.6,23.700000000000003,23.6,23.900000000000002,23.5,23.6,23.900000000000002
2026-09-25T07:45:27.578781+00:00,3.501,NORMAL(0x0),REACH_TARGET_POS_SUCCESSFULLY(0x0),CAN_CTRL(0x1),DISABLED(0x0),0x0000,0.017383479349863524,-0.5787337266687997,0.02806489437206882,-0.2995334062272668,0.011205013797803596,0.20568705234753173,-0.4734205596034619,True,True,True,True,True,True,True,23.6,23.700000000000003,23.6,23.900000000000002,23.5,23.6,23.900000000000002
2026-09-25T07:45:28.078893+00:00,4.001,NORMAL(0x0),REACH_TARGET_POS_SUCCESSFULLY(0x0),CAN_CTRL(0x1),DISABLED(0x0),0x0000,0.017383479349863524,-0.5787337266687997,0.02806489437206882,-0.2995334062272668,0.011205013797803596,0.20568705234753173,-0.4734205596034619,True,True,True,True,True,True,True,23.6,23.8,23.6,23.900000000000002,23.5,23.700000000000003,23.900000000000002
2026-09-25T07:45:28.578859+00:00,4.501,NORMAL(0x0),REACH_TARGET_POS_SUCCESSFULLY(0x0),CAN_CTRL(0x1),DISABLED(0x0),0x0000,0.017383479349863524,-0.5787337266687997,0.02799508120198905,-0.2995334062272668,0.011205013797803596,0.205599785884932,-0.4734205596034619,True,True,True,True,True,True,True,23.6,23.8,23.6,23.900000000000002,23.5,23.6,23.900000000000002
2026-09-25T07:45:29.078764+00:00,5.001,NORMAL(0x0),REACH_TARGET_POS_SUCCESSFULLY(0x0),CAN_CTRL(0x1),DISABLED(0x0),0x0000,0.017383479349863524,-0.5787337266687997,0.02806489437206882,-0.2995334062272668,0.011292280260403312,0.2056346924699719,-0.4734205596034619,True,True,True,True,True,True,True,23.6,23.8,23.6,23.900000000000002,23.5,23.6,23.900000000000002
2026-09-25T07:45:29.578984+00:00,5.501,NORMAL(0x0),REACH_TARGET_POS_SUCCESSFULLY(0x0),CAN_CTRL(0x1),DISABLED(0x0),0x0000,0.017383479349863524,-0.5787337266687997,0.02806489437206882,-0.2995334062272668,0.011187560505283653,0.2056695990550118,-0.4734205596034619,True,True,True,True,True,True,True,23.6,23.8,23.6,23.900000000000002,23.5,23.6,23.900000000000002
2026-09-25T07:45:30.078857+00:00,6.001,NORMAL(0x0),REACH_TARGET_POS_SUCCESSFULLY(0x0),CAN_CTRL(0x1),DISABLED(0x0),0x0000,0.017383479349863524,-0.5787337266687997,0.02806489437206882,-0.2995334062272668,0.011292280260403312,0.2056695990550118,-0.4734205596034619,True,True,True,True,True,True,True,23.6,23.8,23.6,23.900000000000002,23.5,23.700000000000003,23.900000000000002
2026-09-25T07:45:30.578864+00:00,6.501,NORMAL(0x0),REACH_TARGET_POS_SUCCESSFULLY(0x0),CAN_CTRL(0x1),DISABLED(0x0),0x0000,0.017383479349863524,-0.5787337266687997,0.027977627909469102,-0.2995334062272668,0.011187560505283653,0.2056695990550118,-0.47354273265110153,True,True,True,True,True,True,True,23.6,23.700000000000003,23.6,23.900000000000002,23.5,23.700000000000003,23.900000000000002
2026-09-25T07:45:31.078862+00:00,7.001,NORMAL(0x0),REACH_TARGET_POS_SUCCESSFULLY(0x0),CAN_CTRL(0x1),DISABLED(0x0),0x0000,0.017383479349863524,-0.5787337266687997,0.027977627909469102,-0.2995334062272668,0.011222467090323538,0.2056695990550118,-0.473403106310942,True,True,True,True,True,True,True,23.6,23.8,23.6,23.900000000000002,23.5,23.6,23.900000000000002
2026-09-25T07:45:31.578754+00:00,7.501,NORMAL(0x0),REACH_TARGET_POS_SUCCESSFULLY(0x0),CAN_CTRL(0x1),DISABLED(0x0),0x0000,0.017383479349863524,-0.5787337266687997,0.028082347664588763,-0.2995334062272668,0.011222467090323538,0.2056695990550118,-0.473403106310942,True,True,True,True,True,True,True,23.6,23.700000000000003,23.6,23.900000000000002,23.5,23.6,23.900000000000002
2026-09-25T07:45:32.078852+00:00,8.001,NORMAL(0x0),REACH_TARGET_POS_SUCCESSFULLY(0x0),CAN_CTRL(0x1),DISABLED(0x0),0x0000,0.017383479349863524,-0.5787337266687997,0.028012534494508988,-0.2995334062272668,0.011222467090323538,0.2056695990550118,-0.473403106310942,True,True,True,True,True,True,True,23.6,23.700000000000003,23.6,23.900000000000002,23.5,23.6,23.900000000000002
2026-09-25T07:45:32.578871+00:00,8.501,NORMAL(0x0),REACH_TARGET_POS_SUCCESSFULLY(0x0),CAN_CTRL(0x1),DISABLED(0x0),0x0000,0.017383479349863524,-0.5787337266687997,0.028012534494508988,-0.2995334062272668,0.011222467090323538,0.2056695990550118,-0.47345546618850176,True,True,True,True,True,True,True,23.6,23.8,23.6,23.900000000000002,23.5,23.6,23.900000000000002
2026-09-25T07:45:33.078846+00:00,9.001,NORMAL(0x0),REACH_TARGET_POS_SUCCESSFULLY(0x0),CAN_CTRL(0x1),DISABLED(0x0),0x0000,0.017383479349863524,-0.5787337266687997,0.028012534494508988,-0.2995334062272668,0.011222467090323538,0.2056695990550118,-0.47345546618850176,True,True,True,True,True,True,True,23.6,23.700000000000003,23.6,23.900000000000002,23.5,23.6,23.900000000000002
2026-09-25T07:45:33.578857+00:00,9.501,NORMAL(0x0),REACH_TARGET_POS_SUCCESSFULLY(0x0),CAN_CTRL(0x1),DISABLED(0x0),0x0000,0.017383479349863524,-0.5787337266687997,0.028012534494508988,-0.29941123317962726,0.011239920382843483,0.2056695990550118,-0.47345546618850176,True,True,True,True,True,True,True,23.6,23.700000000000003,23.6,23.900000000000002,23.5,23.6,23.900000000000002
2026-09-25T07:45:34.078911+00:00,10.001,NORMAL(0x0),REACH_TARGET_POS_SUCCESSFULLY(0x0),CAN_CTRL(0x1),DISABLED(0x0),0x0000,0.017383479349863524,-0.5787337266687997,0.028012534494508988,-0.29941123317962726,0.011239920382843483,0.205599785884932,-0.47345546618850176,True,True,True,True,True,True,True,23.6,23.700000000000003,23.6,23.900000000000002,23.5,23.6,23.900000000000002
