time_utc,can_id,data_hex,event
2026-09-25T13:07:49.247000+00:00,0x151,01FF050000000000,mode_unchanged_or_speed_config
2026-09-25T13:07:49.247264+00:00,0x151,0102050000000000,move_l_mode
2026-09-25T13:09:27.618647+00:00,0x151,01FF050000000000,mode_unchanged_or_speed_config
2026-09-25T13:09:27.618845+00:00,0x151,0102050000000000,move_l_mode
2026-09-25T13:18:07.503092+00:00,0x151,01FF050000000000,mode_unchanged_or_speed_config
2026-09-25T13:18:07.503425+00:00,0x151,0100050000000000,move_p_mode
2026-09-25T13:23:58.616400+00:00,0x151,01FF050000000000,mode_unchanged_or_speed_config
2026-09-25T13:23:58.616555+00:00,0x151,0100050000000000,move_p_mode
2026-09-25T13:46:28.018783+00:00,0x151,01FF050000000000,mode_unchanged_or_speed_config
2026-09-25T13:46:28.019149+00:00,0x151,0100050000000000,move_p_mode
2026-09-25T13:55:13.218032+00:00,0x151,01FF050000000000,mode_unchanged_or_speed_config
2026-09-25T13:55:13.218186+00:00,0x151,0100050000000000,move_p_mode
2026-09-25T13:58:02.604296+00:00,0x151,01FF050000000000,mode_unchanged_or_speed_config
2026-09-25T13:58:02.604498+00:00,0x151,0100050000000000,move_p_mode
2026-09-25T14:01:20.412524+00:00,0x151,01FF050000000000,mode_unchanged_or_speed_config
2026-09-25T14:01:20.413022+00:00,0x151,0100050000000000,move_p_mode
2026-09-25T14:08:49.621061+00:00,0x151,01FF050000000000,mode_unchanged_or_speed_config
2026-09-25T14:08:49.621239+00:00,0x151,0100050000000000,move_p_mode
2026-09-25T14:13:38.471140+00:00,0x151,01FF050000000000,mode_unchanged_or_speed_config
2026-09-25T14:13:38.471354+00:00,0x151,0100050000000000,move_p_mode
2026-09-25T14:16:07.402499+00:00,0x151,01FF050000000000,mode_unchanged_or_speed_config
2026-09-25T14:16:07.402908+00:00,0x151,0100050000000000,move_p_mode
2026-09-25T14:19:21.036168+00:00,0x151,01FF050000000000,mode_unchanged_or_speed_config
2026-09-25T14:19:21.036375+00:00,0x151,0100050000000000,move_p_mode
2026-09-25T14:22:59.929541+00:00,0x151,01FF050000000000,mode_unchanged_or_speed_config
2026-09-25T14:22:59.929668+00:00,0x151,0100050000000000,move_p_mode
2026-09-25T14:23:00.531862+00:00,0x150,0100000000000000,electronic_emergency_stop
2026-09-25T14:36:40.153723+00:00,0x150,0200000000000000,reset
2026-09-25T14:39:35.147951+00:00,0x471,0802000000000000,enable
2026-09-25T14:47:28.309443+00:00,0x151,0101050000020000,move_j_mode
2026-09-25T14:47:28.360163+00:00,0x151,01FF050000000000,mode_unchanged_or_speed_config
2026-09-25T14:47:28.360271+00:00,0x151,0101050000000000,move_j_mode
2026-09-25T14:51:42.236143+00:00,0x151,0101050000020000,move_j_mode
2026-09-25T14:51:42.286558+00:00,0x151,01FF050000000000,mode_unchanged_or_speed_config
2026-09-25T14:51:42.286627+00:00,0x151,0101050000000000,move_j_mode
2026-09-25T14:59:47.586834+00:00,0x151,0101050000020000,move_j_mode
2026-09-25T14:59:47.637377+00:00,0x151,01FF050000000000,mode_unchanged_or_speed_config
2026-09-25T14:59:47.637527+00:00,0x151,0101050000000000,move_j_mode
2026-09-25T15:27:54.163335+00:00,0x151,01010A0000020000,move_j_mode
2026-09-25T15:27:54.213562+00:00,0x151,01FF0A0000000000,mode_unchanged_or_speed_config
2026-09-25T15:27:54.213627+00:00,0x151,01010A0000000000,move_j_mode
2026-09-25T15:27:54.416111+00:00,0x151,01010A0000000000,move_j_mode
2026-09-25T15:27:54.567641+00:00,0x151,01010A0000000000,move_j_mode
2026-09-25T15:27:54.771480+00:00,0x151,01010A0000000000,move_j_mode
2026-09-25T15:27:54.974273+00:00,0x151,01010A0000000000,move_j_mode
2026-09-25T15:27:55.178377+00:00,0x151,01010A0000000000,move_j_mode
2026-09-25T15:27:55.381148+00:00,0x151,01010A0000000000,move_j_mode
2026-09-25T15:27:55.583164+00:00,0x151,01010A0000000000,move_j_mode
2026-09-25T15:27:55.734687+00:00,0x151,01010A0000000000,move_j_mode
2026-09-25T15:27:55.938665+00:00,0x151,01010A0000000000,move_j_mode
2026-09-25T15:27:56.140411+00:00,0x151,01010A0000000000,move_j_mode
2026-09-25T15:27:56.343277+00:00,0x151,01010A0000000000,move_j_mode
2026-09-25T15:27:56.545464+00:00,0x151,01010A0000000000,move_j_mode
2026-09-25T15:27:56.747770+00:00,0x151,01010A0000000000,move_j_mode
2026-09-25T15:27:56.949332+00:00,0x151,01010A0000000000,move_j_mode
2026-09-25T15:27:57.153188+00:00,0x151,01010A0000000000,move_j_mode
2026-09-25T15:27:57.355867+00:00,0x151,01010A0000000000,move_j_mode
2026-09-25T15:27:57.559125+00:00,0x151,01010A0000000000,move_j_mode
2026-09-25T15:27:57.762301+00:00,0x151,01010A0000000000,move_j_mode
2026-09-25T15:27:57.964998+00:00,0x151,01010A0000000000,move_j_mode
2026-09-25T15:27:58.167562+00:00,0x151,01010A0000000000,move_j_mode
2026-09-25T15:27:58.369232+00:00,0x151,01010A0000000000,move_j_mode
2026-09-25T15:27:58.622699+00:00,0x151,01010A0000000000,move_j_mode
2026-09-25T15:27:58.824730+00:00,0x151,01010A0000000000,move_j_mode
2026-09-25T15:27:59.028047+00:00,0x151,01010A0000000000,move_j_mode
2026-09-25T15:27:59.230581+00:00,0x151,01010A0000000000,move_j_mode
2026-09-25T15:27:59.383133+00:00,0x151,01010A0000000000,move_j_mode
2026-09-25T15:27:59.585516+00:00,0x151,01010A0000000000,move_j_mode
2026-09-25T15:27:59.787760+00:00,0x151,01010A0000000000,move_j_mode
2026-09-25T15:27:59.991128+00:00,0x151,01010A0000000000,move_j_mode
2026-09-25T15:28:00.194372+00:00,0x151,01010A0000000000,move_j_mode
2026-09-25T15:28:00.396710+00:00,0x151,01010A0000000000,move_j_mode
2026-09-25T15:28:00.649602+00:00,0x151,01010A0000000000,move_j_mode
2026-09-25T15:28:00.800831+00:00,0x151,01010A0000000000,move_j_mode
2026-09-25T15:28:00.954082+00:00,0x151,01010A0000000000,move_j_mode
2026-09-25T15:28:01.157985+00:00,0x151,01010A0000000000,move_j_mode
2026-09-25T15:28:01.310496+00:00,0x151,01010A0000000000,move_j_mode
2026-09-25T15:28:01.462479+00:00,0x151,01010A0000000000,move_j_mode
2026-09-25T15:28:01.614041+00:00,0x151,01010A0000000000,move_j_mode
2026-09-25T15:28:01.817116+00:00,0x151,01010A0000000000,move_j_mode
2026-09-25T15:28:01.970491+00:00,0x151,01010A0000000000,move_j_mode
2026-09-25T15:28:02.172393+00:00,0x151,01010A0000000000,move_j_mode
2026-09-25T15:28:02.374426+00:00,0x151,01010A0000000000,move_j_mode
2026-09-25T15:28:02.576810+00:00,0x151,01010A0000000000,move_j_mode
2026-09-25T15:28:02.779560+00:00,0x151,01010A0000000000,move_j_mode
2026-09-25T15:28:02.930679+00:00,0x151,01010A0000000000,move_j_mode
2026-09-25T15:28:03.132461+00:00,0x151,01010A0000000000,move_j_mode
2026-09-25T15:28:03.334098+00:00,0x151,01010A0000000000,move_j_mode
2026-09-25T15:28:03.536592+00:00,0x151,01010A0000000000,move_j_mode
2026-09-25T15:28:03.688519+00:00,0x151,01010A0000000000,move_j_mode
2026-09-25T15:28:03.940755+00:00,0x151,01010A0000000000,move_j_mode
2026-09-25T15:28:04.193263+00:00,0x151,01010A0000000000,move_j_mode
2026-09-25T15:28:04.345121+00:00,0x151,01010A0000000000,move_j_mode
2026-09-25T15:28:04.546910+00:00,0x151,01010A0000000000,move_j_mode
2026-09-25T15:28:04.748913+00:00,0x151,01010A0000000000,move_j_mode
2026-09-25T15:28:04.951763+00:00,0x151,01010A0000000000,move_j_mode
2026-09-25T15:28:05.153315+00:00,0x151,01010A0000000000,move_j_mode
2026-09-25T15:28:05.305490+00:00,0x151,01010A0000000000,move_j_mode
2026-09-25T15:28:05.456570+00:00,0x151,01010A0000000000,move_j_mode
2026-09-25T15:28:05.658566+00:00,0x151,01010A0000000000,move_j_mode
2026-09-25T15:28:05.862367+00:00,0x151,01010A0000000000,move_j_mode
2026-09-25T15:28:06.066108+00:00,0x151,01010A0000000000,move_j_mode
2026-09-25T15:28:06.269334+00:00,0x151,01010A0000000000,move_j_mode
2026-09-25T15:28:06.522693+00:00,0x151,01010A0000000000,move_j_mode
2026-09-25T15:28:06.775645+00:00,0x151,01010A0000000000,move_j_mode
2026-09-25T15:28:07.027657+00:00,0x151,01010A0000000000,move_j_mode
2026-09-25T15:28:07.231168+00:00,0x151,01010A0000000000,move_j_mode
2026-09-25T15:28:07.434208+00:00,0x151,01010A0000000000,move_j_mode
2026-09-25T15:28:07.637235+00:00,0x151,01010A0000000000,move_j_mode
2026-09-25T15:28:07.789015+00:00,0x151,01010A0000000000,move_j_mode
2026-09-25T15:28:07.990547+00:00,0x151,01010A0000000000,move_j_mode
2026-09-25T15:28:08.142116+00:00,0x151,01010A0000000000,move_j_mode
2026-09-25T15:28:08.294270+00:00,0x151,01010A0000000000,move_j_mode
2026-09-25T15:28:08.446592+00:00,0x151,01010A0000000000,move_j_mode
2026-09-25T15:28:08.598911+00:00,0x151,01010A0000000000,move_j_mode
2026-09-25T15:28:08.752010+00:00,0x151,01010A0000000000,move_j_mode
2026-09-25T15:28:08.904271+00:00,0x151,01010A0000000000,move_j_mode
2026-09-25T15:28:09.056560+00:00,0x151,01010A0000000000,move_j_mode
2026-09-25T15:28:09.259610+00:00,0x151,01010A0000000000,move_j_mode
2026-09-25T15:28:09.411901+00:00,0x151,01010A0000000000,move_j_mode
2026-09-25T15:28:09.563165+00:00,0x151,01010A0000000000,move_j_mode
2026-09-25T15:28:09.766548+00:00,0x151,01010A0000000000,move_j_mode
2026-09-25T15:28:09.968814+00:00,0x151,01010A0000000000,move_j_mode
2026-09-25T15:28:10.222776+00:00,0x151,01010A0000000000,move_j_mode
2026-09-25T15:28:10.374546+00:00,0x151,01010A0000000000,move_j_mode
2026-09-25T15:28:10.526649+00:00,0x151,01010A0000000000,move_j_mode
2026-09-25T15:28:10.678007+00:00,0x151,01010A0000000000,move_j_mode
2026-09-25T15:28:10.829802+00:00,0x151,01010A0000000000,move_j_mode
2026-09-25T15:28:11.030863+00:00,0x151,01010A0000000000,move_j_mode
2026-09-25T15:28:11.232697+00:00,0x151,01010A0000000000,move_j_mode
2026-09-25T15:28:11.484388+00:00,0x151,01010A0000000000,move_j_mode
2026-09-25T15:28:11.737014+00:00,0x151,01010A0000000000,move_j_mode
2026-09-25T15:28:11.888090+00:00,0x151,01010A0000000000,move_j_mode
2026-09-25T15:28:12.039655+00:00,0x151,01010A0000000000,move_j_mode
2026-09-25T15:28:12.241367+00:00,0x151,01010A0000000000,move_j_mode
2026-09-25T15:28:12.443755+00:00,0x151,01010A0000000000,move_j_mode
2026-09-25T15:28:12.645861+00:00,0x151,01010A0000000000,move_j_mode
2026-09-25T15:28:12.847631+00:00,0x151,01010A0000000000,move_j_mode
2026-09-25T15:28:13.048455+00:00,0x151,01010A0000000000,move_j_mode
2026-09-25T15:28:13.250199+00:00,0x151,01010A0000000000,move_j_mode
2026-09-25T15:28:13.452635+00:00,0x151,01010A0000000000,move_j_mode
2026-09-25T15:28:13.704357+00:00,0x151,01010A0000000000,move_j_mode
2026-09-25T15:28:13.956499+00:00,0x151,01010A0000000000,move_j_mode
2026-09-25T15:28:14.208430+00:00,0x151,01010A0000000000,move_j_mode
2026-09-25T15:28:14.460614+00:00,0x151,01010A0000000000,move_j_mode
2026-09-25T15:28:14.611989+00:00,0x151,01010A0000000000,move_j_mode
2026-09-25T15:28:14.763573+00:00,0x151,01010A0000000000,move_j_mode
2026-09-25T15:28:15.016773+00:00,0x151,01010A0000000000,move_j_mode
2026-09-25T15:28:15.269664+00:00,0x151,01010A0000000000,move_j_mode
2026-09-25T15:28:15.522482+00:00,0x151,01010A0000000000,move_j_mode
2026-09-25T15:28:15.724790+00:00,0x151,01010A0000000000,move_j_mode
2026-09-25T15:28:15.926436+00:00,0x151,01010A0000000000,move_j_mode
2026-09-25T15:28:16.178885+00:00,0x151,01010A0000000000,move_j_mode
2026-09-25T15:28:16.431149+00:00,0x151,01010A0000000000,move_j_mode
2026-09-25T15:28:16.633510+00:00,0x151,01010A0000000000,move_j_mode
2026-09-25T15:28:16.836623+00:00,0x151,01010A0000000000,move_j_mode
2026-09-25T15:28:16.989112+00:00,0x151,01010A0000000000,move_j_mode
2026-09-25T15:28:17.141410+00:00,0x151,01010A0000000000,move_j_mode
2026-09-25T15:28:17.344614+00:00,0x151,01010A0000000000,move_j_mode
2026-09-25T15:28:17.547078+00:00,0x151,01010A0000000000,move_j_mode
2026-09-25T15:28:17.750043+00:00,0x151,01010A0000000000,move_j_mode
2026-09-25T15:28:17.952132+00:00,0x151,01010A0000000000,move_j_mode
2026-09-25T15:28:18.153888+00:00,0x151,01010A0000000000,move_j_mode
2026-09-25T15:28:18.356733+00:00,0x151,01010A0000000000,move_j_mode
2026-09-25T15:28:18.609054+00:00,0x151,01010A0000000000,move_j_mode
2026-09-25T15:28:18.812003+00:00,0x151,01010A0000000000,move_j_mode
2026-09-25T15:28:19.015187+00:00,0x151,01010A0000000000,move_j_mode
2026-09-25T15:28:19.218277+00:00,0x151,01010A0000000000,move_j_mode
2026-09-25T15:28:19.422309+00:00,0x151,01010A0000000000,move_j_mode
2026-09-25T15:28:19.624663+00:00,0x151,01010A0000000000,move_j_mode
2026-09-25T15:28:19.827570+00:00,0x151,01010A0000000000,move_j_mode
2026-09-25T15:28:20.029663+00:00,0x151,01010A0000000000,move_j_mode
2026-09-25T15:28:20.232195+00:00,0x151,01010A0000000000,move_j_mode
2026-09-25T15:28:20.434947+00:00,0x151,01010A0000000000,move_j_mode
2026-09-25T15:28:20.637495+00:00,0x151,01010A0000000000,move_j_mode
2026-09-25T15:28:20.839566+00:00,0x151,01010A0000000000,move_j_mode
2026-09-25T15:28:21.042083+00:00,0x151,01010A0000000000,move_j_mode
2026-09-25T15:28:21.244190+00:00,0x151,01010A0000000000,move_j_mode
2026-09-25T15:28:21.447505+00:00,0x151,01010A0000000000,move_j_mode
2026-09-25T15:28:21.649920+00:00,0x151,01010A0000000000,move_j_mode
2026-09-25T15:28:21.852107+00:00,0x151,01010A0000000000,move_j_mode
2026-09-25T15:28:22.054414+00:00,0x151,01010A0000000000,move_j_mode
2026-09-25T15:28:22.256787+00:00,0x151,01010A0000000000,move_j_mode
2026-09-25T15:28:22.509938+00:00,0x151,01010A0000000000,move_j_mode
2026-09-25T15:28:22.661310+00:00,0x151,01010A0000000000,move_j_mode
2026-09-25T15:28:22.914063+00:00,0x151,01010A0000000000,move_j_mode
2026-09-25T15:28:23.117888+00:00,0x151,01010A0000000000,move_j_mode
2026-09-25T15:28:23.320726+00:00,0x151,01010A0000000000,move_j_mode
2026-09-25T15:28:23.522772+00:00,0x151,01010A0000000000,move_j_mode
2026-09-25T15:28:23.724690+00:00,0x151,01010A0000000000,move_j_mode
2026-09-25T15:28:23.925969+00:00,0x151,01010A0000000000,move_j_mode
2026-09-25T15:28:24.127795+00:00,0x151,01010A0000000000,move_j_mode
2026-09-25T15:28:24.330862+00:00,0x151,01010A0000000000,move_j_mode
2026-09-25T15:28:24.534166+00:00,0x151,01010A0000000000,move_j_mode
2026-09-25T15:28:24.736702+00:00,0x151,01010A0000000000,move_j_mode
2026-09-25T15:28:24.938953+00:00,0x151,01010A0000000000,move_j_mode
2026-09-25T15:28:25.141043+00:00,0x151,01010A0000000000,move_j_mode
2026-09-25T15:28:25.342965+00:00,0x151,01010A0000000000,move_j_mode
2026-09-25T15:28:25.545173+00:00,0x151,01010A0000000000,move_j_mode
2026-09-25T15:28:25.797649+00:00,0x151,01010A0000000000,move_j_mode
2026-09-25T15:28:26.050157+00:00,0x151,01010A0000000000,move_j_mode
2026-09-25T15:28:26.302509+00:00,0x151,01010A0000000000,move_j_mode
2026-09-25T15:28:26.504755+00:00,0x151,01010A0000000000,move_j_mode
2026-09-25T15:28:26.656522+00:00,0x151,01010A0000000000,move_j_mode
2026-09-25T15:28:26.859003+00:00,0x151,01010A0000000000,move_j_mode
2026-09-25T15:28:27.061428+00:00,0x151,01010A0000000000,move_j_mode
2026-09-25T15:28:27.314447+00:00,0x151,01010A0000000000,move_j_mode
2026-09-25T15:28:27.465910+00:00,0x151,01010A0000000000,move_j_mode
2026-09-25T15:28:27.718452+00:00,0x151,01010A0000000000,move_j_mode
2026-09-25T15:28:27.970358+00:00,0x151,01010A0000000000,move_j_mode
2026-09-25T15:28:28.223542+00:00,0x151,01010A0000000000,move_j_mode
2026-09-25T15:28:28.476686+00:00,0x151,01010A0000000000,move_j_mode
2026-09-25T15:28:28.729712+00:00,0x151,01010A0000000000,move_j_mode
2026-09-25T15:28:28.982422+00:00,0x151,01010A0000000000,move_j_mode
2026-09-25T15:28:29.184776+00:00,0x151,01010A0000000000,move_j_mode
2026-09-25T15:28:29.437237+00:00,0x151,01010A0000000000,move_j_mode
2026-09-25T15:28:29.639409+00:00,0x151,01010A0000000000,move_j_mode
2026-09-25T15:28:29.790846+00:00,0x151,01010A0000000000,move_j_mode
2026-09-25T15:28:30.043111+00:00,0x151,01010A0000000000,move_j_mode
2026-09-25T15:28:30.245052+00:00,0x151,01010A0000000000,move_j_mode
2026-09-25T15:28:30.447247+00:00,0x151,01010A0000000000,move_j_mode
2026-09-25T15:28:30.649696+00:00,0x151,01010A0000000000,move_j_mode
2026-09-25T15:28:30.851430+00:00,0x151,01010A0000000000,move_j_mode
2026-09-25T15:28:31.054513+00:00,0x151,01010A0000000000,move_j_mode
2026-09-25T15:28:31.257390+00:00,0x151,01010A0000000000,move_j_mode
2026-09-25T15:28:31.460406+00:00,0x151,01010A0000000000,move_j_mode
2026-09-25T15:28:31.662619+00:00,0x151,01010A0000000000,move_j_mode
2026-09-25T15:28:31.914714+00:00,0x151,01010A0000000000,move_j_mode
2026-09-25T15:28:32.166787+00:00,0x151,01010A0000000000,move_j_mode
2026-09-25T15:28:32.317587+00:00,0x151,01010A0000000000,move_j_mode
2026-09-25T15:28:32.519273+00:00,0x151,01010A0000000000,move_j_mode
2026-09-25T15:28:32.721734+00:00,0x151,01010A0000000000,move_j_mode
2026-09-25T15:28:32.924505+00:00,0x151,01010A0000000000,move_j_mode
2026-09-25T15:28:33.175949+00:00,0x151,01010A0000000000,move_j_mode
2026-09-25T15:28:33.427932+00:00,0x151,01010A0000000000,move_j_mode
2026-09-25T15:28:33.631809+00:00,0x151,01010A0000000000,move_j_mode
2026-09-25T15:28:33.835235+00:00,0x151,01010A0000000000,move_j_mode
2026-09-25T15:28:34.038306+00:00,0x151,01010A0000000000,move_j_mode
2026-09-25T15:28:34.240854+00:00,0x151,01010A0000000000,move_j_mode
2026-09-25T15:28:34.444421+00:00,0x151,01010A0000000000,move_j_mode
2026-09-25T15:28:34.646714+00:00,0x151,01010A0000000000,move_j_mode
2026-09-25T15:28:34.849310+00:00,0x151,01010A0000000000,move_j_mode
2026-09-25T15:28:35.050696+00:00,0x151,01010A0000000000,move_j_mode
2026-09-25T15:28:35.252351+00:00,0x151,01010A0000000000,move_j_mode
2026-09-25T15:28:35.454836+00:00,0x151,01010A0000000000,move_j_mode
2026-09-25T15:28:35.656925+00:00,0x151,01010A0000000000,move_j_mode
2026-09-25T15:28:35.910611+00:00,0x151,01010A0000000000,move_j_mode
2026-09-25T15:28:36.113026+00:00,0x151,01010A0000000000,move_j_mode
2026-09-25T15:28:36.367595+00:00,0x151,01010A0000000000,move_j_mode
2026-09-25T15:28:36.620256+00:00,0x151,01010A0000000000,move_j_mode
2026-09-25T15:28:36.822394+00:00,0x151,01010A0000000000,move_j_mode
2026-09-25T15:28:36.974228+00:00,0x151,01010A0000000000,move_j_mode
2026-09-25T15:28:37.178635+00:00,0x151,01010A0000000000,move_j_mode
2026-09-25T15:28:37.381513+00:00,0x151,01010A0000000000,move_j_mode
2026-09-25T15:28:37.584336+00:00,0x151,01010A0000000000,move_j_mode
2026-09-25T15:28:37.787127+00:00,0x151,01010A0000000000,move_j_mode
2026-09-25T15:28:37.989312+00:00,0x151,01010A0000000000,move_j_mode
2026-09-25T15:28:38.191095+00:00,0x151,01010A0000000000,move_j_mode
2026-09-25T15:28:38.394090+00:00,0x151,01010A0000000000,move_j_mode
2026-09-25T15:28:38.596981+00:00,0x151,01010A0000000000,move_j_mode
2026-09-25T15:28:38.799981+00:00,0x151,01010A0000000000,move_j_mode
2026-09-25T15:28:39.002102+00:00,0x151,01010A0000000000,move_j_mode
2026-09-25T15:28:39.205350+00:00,0x151,01010A0000000000,move_j_mode
2026-09-25T15:28:39.407625+00:00,0x151,01010A0000000000,move_j_mode
2026-09-25T15:28:39.610348+00:00,0x151,01010A0000000000,move_j_mode
2026-09-25T15:28:39.762642+00:00,0x151,01010A0000000000,move_j_mode
2026-09-25T15:28:40.015050+00:00,0x151,01010A0000000000,move_j_mode
2026-09-25T15:28:40.267065+00:00,0x151,01010A0000000000,move_j_mode
2026-09-25T15:28:40.520344+00:00,0x151,01010A0000000000,move_j_mode
2026-09-25T15:28:40.723361+00:00,0x151,01010A0000000000,move_j_mode
2026-09-25T15:28:40.924946+00:00,0x151,01010A0000000000,move_j_mode
2026-09-25T15:28:41.127214+00:00,0x151,01010A0000000000,move_j_mode
2026-09-25T15:28:41.279448+00:00,0x151,01010A0000000000,move_j_mode
2026-09-25T15:28:41.530942+00:00,0x151,01010A0000000000,move_j_mode
2026-09-25T15:28:41.732908+00:00,0x151,01010A0000000000,move_j_mode
2026-09-25T15:28:41.934210+00:00,0x151,01010A0000000000,move_j_mode
2026-09-25T15:28:42.135305+00:00,0x151,01010A0000000000,move_j_mode
2026-09-25T15:28:42.337374+00:00,0x151,01010A0000000000,move_j_mode
2026-09-25T15:28:42.540385+00:00,0x151,01010A0000000000,move_j_mode
2026-09-25T15:28:42.743011+00:00,0x151,01010A0000000000,move_j_mode
2026-09-25T15:28:42.944549+00:00,0x151,01010A0000000000,move_j_mode
2026-09-25T15:28:43.146335+00:00,0x151,01010A0000000000,move_j_mode
2026-09-25T15:28:43.348167+00:00,0x151,01010A0000000000,move_j_mode
2026-09-25T15:28:43.549873+00:00,0x151,01010A0000000000,move_j_mode
2026-09-25T15:28:43.753169+00:00,0x151,01010A0000000000,move_j_mode
2026-09-25T15:28:43.955504+00:00,0x151,01010A0000000000,move_j_mode
2026-09-25T15:28:44.208586+00:00,0x151,01010A0000000000,move_j_mode
2026-09-25T15:28:44.461358+00:00,0x151,01010A0000000000,move_j_mode
2026-09-25T15:28:44.713189+00:00,0x151,01010A0000000000,move_j_mode
2026-09-25T15:28:44.915319+00:00,0x151,01010A0000000000,move_j_mode
2026-09-25T15:28:45.117988+00:00,0x151,01010A0000000000,move_j_mode
2026-09-25T15:28:45.321305+00:00,0x151,01010A0000000000,move_j_mode
2026-09-25T15:28:45.574463+00:00,0x151,01010A0000000000,move_j_mode
2026-09-25T15:28:45.778011+00:00,0x151,01010A0000000000,move_j_mode
2026-09-25T15:28:45.979953+00:00,0x151,01010A0000000000,move_j_mode
2026-09-25T15:28:46.181339+00:00,0x151,01010A0000000000,move_j_mode
2026-09-25T15:28:46.384339+00:00,0x151,01010A0000000000,move_j_mode
2026-09-25T15:28:46.637184+00:00,0x151,01010A0000000000,move_j_mode
2026-09-25T15:28:46.888940+00:00,0x151,01010A0000000000,move_j_mode
2026-09-25T15:28:47.140886+00:00,0x151,01010A0000000000,move_j_mode
2026-09-25T15:28:47.344428+00:00,0x151,01010A0000000000,move_j_mode
2026-09-25T15:28:47.496083+00:00,0x151,01010A0000000000,move_j_mode
2026-09-25T15:28:47.698452+00:00,0x151,01010A0000000000,move_j_mode
2026-09-25T15:28:47.900721+00:00,0x151,01010A0000000000,move_j_mode
2026-09-25T15:28:48.103697+00:00,0x151,01010A0000000000,move_j_mode
2026-09-25T15:28:48.305924+00:00,0x151,01010A0000000000,move_j_mode
2026-09-25T15:28:48.559340+00:00,0x151,01010A0000000000,move_j_mode
2026-09-25T15:28:48.811142+00:00,0x151,01010A0000000000,move_j_mode
2026-09-25T15:28:49.013894+00:00,0x151,01010A0000000000,move_j_mode
2026-09-25T15:28:49.216314+00:00,0x151,01010A0000000000,move_j_mode
2026-09-25T15:28:49.418606+00:00,0x151,01010A0000000000,move_j_mode
2026-09-25T15:28:49.570250+00:00,0x151,01010A0000000000,move_j_mode
2026-09-25T15:28:49.723023+00:00,0x151,01010A0000000000,move_j_mode
2026-09-25T15:28:49.976407+00:00,0x151,01010A0000000000,move_j_mode
2026-09-25T15:28:50.179192+00:00,0x151,01010A0000000000,move_j_mode
2026-09-25T15:28:50.381746+00:00,0x151,01010A0000000000,move_j_mode
2026-09-25T15:28:50.584348+00:00,0x151,01010A0000000000,move_j_mode
2026-09-25T15:28:50.786006+00:00,0x151,01010A0000000000,move_j_mode
2026-09-25T15:28:50.987046+00:00,0x151,01010A0000000000,move_j_mode
2026-09-25T15:28:51.188588+00:00,0x151,01010A0000000000,move_j_mode
2026-09-25T15:28:51.390726+00:00,0x151,01010A0000000000,move_j_mode
2026-09-25T15:28:51.592559+00:00,0x151,01010A0000000000,move_j_mode
2026-09-25T15:28:51.795762+00:00,0x151,01010A0000000000,move_j_mode
2026-09-25T15:28:51.998507+00:00,0x151,01010A0000000000,move_j_mode
2026-09-25T15:28:52.251280+00:00,0x151,01010A0000000000,move_j_mode
2026-09-25T15:28:52.454110+00:00,0x151,01010A0000000000,move_j_mode
2026-09-25T15:28:52.658565+00:00,0x151,01010A0000000000,move_j_mode
2026-09-25T15:28:52.860704+00:00,0x151,01010A0000000000,move_j_mode
2026-09-25T15:28:53.064578+00:00,0x151,01010A0000000000,move_j_mode
2026-09-25T15:28:53.217683+00:00,0x151,01010A0000000000,move_j_mode
2026-09-25T15:28:53.418753+00:00,0x151,01010A0000000000,move_j_mode
2026-09-25T15:28:53.571102+00:00,0x151,01010A0000000000,move_j_mode
2026-09-25T15:28:53.723099+00:00,0x151,01010A0000000000,move_j_mode
2026-09-25T15:28:53.924814+00:00,0x151,01010A0000000000,move_j_mode
2026-09-25T15:28:54.125956+00:00,0x151,01010A0000000000,move_j_mode
2026-09-25T15:28:54.377844+00:00,0x151,01010A0000000000,move_j_mode
2026-09-25T15:28:54.630354+00:00,0x151,01010A0000000000,move_j_mode
2026-09-25T15:28:54.881709+00:00,0x151,01010A0000000000,move_j_mode
2026-09-25T15:28:55.133162+00:00,0x151,01010A0000000000,move_j_mode
2026-09-25T15:28:55.385298+00:00,0x151,01010A0000000000,move_j_mode
2026-09-25T15:28:55.587275+00:00,0x151,01010A0000000000,move_j_mode
2026-09-25T15:28:55.789028+00:00,0x151,01010A0000000000,move_j_mode
2026-09-25T15:28:55.940661+00:00,0x151,01010A0000000000,move_j_mode
2026-09-25T15:28:56.191911+00:00,0x151,01010A0000000000,move_j_mode
2026-09-25T15:28:56.394310+00:00,0x151,01010A0000000000,move_j_mode
2026-09-25T15:28:56.597806+00:00,0x151,01010A0000000000,move_j_mode
2026-09-25T15:28:56.800264+00:00,0x151,01010A0000000000,move_j_mode
2026-09-25T15:28:57.002316+00:00,0x151,01010A0000000000,move_j_mode
2026-09-25T15:28:57.204016+00:00,0x151,01010A0000000000,move_j_mode
2026-09-25T15:28:57.406085+00:00,0x151,01010A0000000000,move_j_mode
2026-09-25T15:28:57.609277+00:00,0x151,01010A0000000000,move_j_mode
2026-09-25T15:28:57.863736+00:00,0x151,01010A0000000000,move_j_mode
2026-09-25T15:28:58.117142+00:00,0x151,01010A0000000000,move_j_mode
2026-09-25T15:28:58.319949+00:00,0x151,01010A0000000000,move_j_mode
2026-09-25T15:28:58.523196+00:00,0x151,01010A0000000000,move_j_mode
2026-09-25T15:28:58.725900+00:00,0x151,01010A0000000000,move_j_mode
2026-09-25T15:28:58.928635+00:00,0x151,01010A0000000000,move_j_mode
2026-09-25T15:28:59.130746+00:00,0x151,01010A0000000000,move_j_mode
2026-09-25T15:28:59.283224+00:00,0x151,01010A0000000000,move_j_mode
2026-09-25T15:28:59.536846+00:00,0x151,01010A0000000000,move_j_mode
2026-09-25T15:28:59.789574+00:00,0x151,01010A0000000000,move_j_mode
2026-09-25T15:29:00.043465+00:00,0x151,01010A0000000000,move_j_mode
2026-09-25T15:29:00.297919+00:00,0x151,01010A0000000000,move_j_mode
2026-09-25T15:29:00.551249+00:00,0x151,01010A0000000000,move_j_mode
2026-09-25T15:29:00.804202+00:00,0x151,01010A0000000000,move_j_mode
2026-09-25T15:29:01.057235+00:00,0x151,01010A0000000000,move_j_mode
2026-09-25T15:29:01.310266+00:00,0x151,01010A0000000000,move_j_mode
2026-09-25T15:29:01.462193+00:00,0x151,01010A0000000000,move_j_mode
2026-09-25T15:29:01.664945+00:00,0x151,01010A0000000000,move_j_mode
2026-09-25T15:29:01.866927+00:00,0x151,01010A0000000000,move_j_mode
2026-09-25T15:29:02.069085+00:00,0x151,01010A0000000000,move_j_mode
2026-09-25T15:29:02.271319+00:00,0x151,01010A0000000000,move_j_mode
2026-09-25T15:29:02.474302+00:00,0x151,01010A0000000000,move_j_mode
2026-09-25T15:29:02.728386+00:00,0x151,01010A0000000000,move_j_mode
2026-09-25T15:29:02.981739+00:00,0x151,01010A0000000000,move_j_mode
2026-09-25T15:29:03.184185+00:00,0x151,01010A0000000000,move_j_mode
2026-09-25T15:29:03.386743+00:00,0x151,01010A0000000000,move_j_mode
2026-09-25T15:29:03.589557+00:00,0x151,01010A0000000000,move_j_mode
2026-09-25T15:29:03.792728+00:00,0x151,01010A0000000000,move_j_mode
2026-09-25T15:29:03.995412+00:00,0x151,01010A0000000000,move_j_mode
2026-09-25T15:29:04.197144+00:00,0x151,01010A0000000000,move_j_mode
2026-09-25T15:29:04.399052+00:00,0x151,01010A0000000000,move_j_mode
2026-09-25T15:29:04.651721+00:00,0x151,01010A0000000000,move_j_mode
2026-09-25T15:29:04.803736+00:00,0x151,01010A0000000000,move_j_mode
2026-09-25T15:29:05.006551+00:00,0x151,01010A0000000000,move_j_mode
2026-09-25T15:29:05.208206+00:00,0x151,01010A0000000000,move_j_mode
2026-09-25T15:29:05.460941+00:00,0x151,01010A0000000000,move_j_mode
2026-09-25T15:29:05.714053+00:00,0x151,01010A0000000000,move_j_mode
2026-09-25T15:29:05.965581+00:00,0x151,01010A0000000000,move_j_mode
2026-09-25T15:29:06.218110+00:00,0x151,01010A0000000000,move_j_mode
2026-09-25T15:29:06.471081+00:00,0x151,01010A0000000000,move_j_mode
2026-09-25T15:29:06.671976+00:00,0x151,01010A0000000000,move_j_mode
2026-09-25T15:29:06.873357+00:00,0x151,01010A0000000000,move_j_mode
2026-09-25T15:29:07.024724+00:00,0x151,01010A0000000000,move_j_mode
2026-09-25T15:29:07.176959+00:00,0x151,01010A0000000000,move_j_mode
2026-09-25T15:29:07.328426+00:00,0x151,01010A0000000000,move_j_mode
2026-09-25T15:29:07.531410+00:00,0x151,01010A0000000000,move_j_mode
2026-09-25T15:29:07.734293+00:00,0x151,01010A0000000000,move_j_mode
2026-09-25T15:29:07.936282+00:00,0x151,01010A0000000000,move_j_mode
2026-09-25T15:29:08.138036+00:00,0x151,01010A0000000000,move_j_mode
2026-09-25T15:29:08.341339+00:00,0x151,01010A0000000000,move_j_mode
2026-09-25T15:29:08.593761+00:00,0x151,01010A0000000000,move_j_mode
2026-09-25T15:29:08.795853+00:00,0x151,01010A0000000000,move_j_mode
2026-09-25T15:29:08.998846+00:00,0x151,01010A0000000000,move_j_mode
2026-09-25T15:29:09.200027+00:00,0x151,01010A0000000000,move_j_mode
2026-09-25T15:29:09.401520+00:00,0x151,01010A0000000000,move_j_mode
2026-09-25T15:29:09.603535+00:00,0x151,01010A0000000000,move_j_mode
2026-09-25T15:29:09.806750+00:00,0x151,01010A0000000000,move_j_mode
2026-09-25T15:29:10.008946+00:00,0x151,01010A0000000000,move_j_mode
2026-09-25T15:29:10.212083+00:00,0x151,01010A0000000000,move_j_mode
2026-09-25T15:29:10.414285+00:00,0x151,01010A0000000000,move_j_mode
2026-09-25T15:29:10.616194+00:00,0x151,01010A0000000000,move_j_mode
2026-09-25T15:29:10.818477+00:00,0x151,01010A0000000000,move_j_mode
2026-09-25T15:29:10.970104+00:00,0x151,01010A0000000000,move_j_mode
2026-09-25T15:29:11.121651+00:00,0x151,01010A0000000000,move_j_mode
2026-09-25T15:29:11.324078+00:00,0x151,01010A0000000000,move_j_mode
2026-09-25T15:29:11.526427+00:00,0x151,01010A0000000000,move_j_mode
2026-09-25T15:29:11.728709+00:00,0x151,01010A0000000000,move_j_mode
2026-09-25T15:29:11.981172+00:00,0x151,01010A0000000000,move_j_mode
2026-09-25T15:29:12.233279+00:00,0x151,01010A0000000000,move_j_mode
2026-09-25T15:29:12.435329+00:00,0x151,01010A0000000000,move_j_mode
2026-09-25T15:29:12.638362+00:00,0x151,01010A0000000000,move_j_mode
2026-09-25T15:29:12.842055+00:00,0x151,01010A0000000000,move_j_mode
2026-09-25T15:29:13.043871+00:00,0x151,01010A0000000000,move_j_mode
2026-09-25T15:29:13.195006+00:00,0x151,01010A0000000000,move_j_mode
2026-09-25T15:29:13.396537+00:00,0x151,01010A0000000000,move_j_mode
2026-09-25T15:29:13.648472+00:00,0x151,01010A0000000000,move_j_mode
2026-09-25T15:29:13.900053+00:00,0x151,01010A0000000000,move_j_mode
2026-09-25T15:29:14.151233+00:00,0x151,01010A0000000000,move_j_mode
2026-09-25T15:29:14.352784+00:00,0x151,01010A0000000000,move_j_mode
2026-09-25T15:29:14.554922+00:00,0x151,01010A0000000000,move_j_mode
2026-09-25T15:29:14.707347+00:00,0x151,01010A0000000000,move_j_mode
2026-09-25T15:29:14.909399+00:00,0x151,01010A0000000000,move_j_mode
2026-09-25T15:29:15.160732+00:00,0x151,01010A0000000000,move_j_mode
2026-09-25T15:29:15.362184+00:00,0x151,01010A0000000000,move_j_mode
2026-09-25T15:29:15.565316+00:00,0x151,01010A0000000000,move_j_mode
2026-09-25T15:29:15.767815+00:00,0x151,01010A0000000000,move_j_mode
2026-09-25T15:29:16.021193+00:00,0x151,01010A0000000000,move_j_mode
2026-09-25T15:29:16.273772+00:00,0x151,01010A0000000000,move_j_mode
2026-09-25T15:29:16.526359+00:00,0x151,01010A0000000000,move_j_mode
2026-09-25T15:29:16.728966+00:00,0x151,01010A0000000000,move_j_mode
2026-09-25T15:29:16.932258+00:00,0x151,01010A0000000000,move_j_mode
2026-09-25T15:29:17.134666+00:00,0x151,01010A0000000000,move_j_mode
2026-09-25T15:29:17.336876+00:00,0x151,01010A0000000000,move_j_mode
2026-09-25T15:29:17.539673+00:00,0x151,01010A0000000000,move_j_mode
2026-09-25T15:29:17.742879+00:00,0x151,01010A0000000000,move_j_mode
2026-09-25T15:29:17.944704+00:00,0x151,01010A0000000000,move_j_mode
2026-09-25T15:29:18.146894+00:00,0x151,01010A0000000000,move_j_mode
2026-09-25T15:29:18.349518+00:00,0x151,01010A0000000000,move_j_mode
2026-09-25T15:29:18.553504+00:00,0x151,01010A0000000000,move_j_mode
2026-09-25T15:29:18.755764+00:00,0x151,01010A0000000000,move_j_mode
2026-09-25T15:29:18.958456+00:00,0x151,01010A0000000000,move_j_mode
2026-09-25T15:29:19.211532+00:00,0x151,01010A0000000000,move_j_mode
2026-09-25T15:29:19.363891+00:00,0x151,01010A0000000000,move_j_mode
2026-09-25T15:29:19.567697+00:00,0x151,01010A0000000000,move_j_mode
2026-09-25T15:29:19.770486+00:00,0x151,01010A0000000000,move_j_mode
2026-09-25T15:29:19.972891+00:00,0x151,01010A0000000000,move_j_mode
2026-09-25T15:29:20.227126+00:00,0x151,01010A0000000000,move_j_mode
2026-09-25T15:29:20.480518+00:00,0x151,01010A0000000000,move_j_mode
2026-09-25T15:29:20.732016+00:00,0x151,01010A0000000000,move_j_mode
2026-09-25T15:29:20.884075+00:00,0x151,01010A0000000000,move_j_mode
2026-09-25T15:29:21.085243+00:00,0x151,01010A0000000000,move_j_mode
2026-09-25T15:29:21.286294+00:00,0x151,01010A0000000000,move_j_mode
2026-09-25T15:29:21.487451+00:00,0x151,01010A0000000000,move_j_mode
2026-09-25T15:29:21.639930+00:00,0x151,01010A0000000000,move_j_mode
2026-09-25T15:29:21.841797+00:00,0x151,01010A0000000000,move_j_mode
2026-09-25T15:29:22.044517+00:00,0x151,01010A0000000000,move_j_mode
2026-09-25T15:29:22.246477+00:00,0x151,01010A0000000000,move_j_mode
2026-09-25T15:29:22.449505+00:00,0x151,01010A0000000000,move_j_mode
2026-09-25T15:29:22.651095+00:00,0x151,01010A0000000000,move_j_mode
2026-09-25T15:29:22.852785+00:00,0x151,01010A0000000000,move_j_mode
2026-09-25T15:29:23.055300+00:00,0x151,01010A0000000000,move_j_mode
2026-09-25T15:29:23.258783+00:00,0x151,01010A0000000000,move_j_mode
2026-09-25T15:29:23.460637+00:00,0x151,01010A0000000000,move_j_mode
2026-09-25T15:29:23.613393+00:00,0x151,01010A0000000000,move_j_mode
2026-09-25T15:29:23.816663+00:00,0x151,01010A0000000000,move_j_mode
2026-09-25T15:29:24.070012+00:00,0x151,01010A0000000000,move_j_mode
2026-09-25T15:29:24.322391+00:00,0x151,01010A0000000000,move_j_mode
2026-09-25T15:29:24.474758+00:00,0x151,01010A0000000000,move_j_mode
2026-09-25T15:29:24.677359+00:00,0x151,01010A0000000000,move_j_mode
2026-09-25T15:29:24.880135+00:00,0x151,01010A0000000000,move_j_mode
2026-09-25T15:29:25.084227+00:00,0x151,01010A0000000000,move_j_mode
2026-09-25T15:29:25.286678+00:00,0x151,01010A0000000000,move_j_mode
2026-09-25T15:29:25.488402+00:00,0x151,01010A0000000000,move_j_mode
2026-09-25T15:29:25.691618+00:00,0x151,01010A0000000000,move_j_mode
2026-09-25T15:29:25.894205+00:00,0x151,01010A0000000000,move_j_mode
2026-09-25T15:29:26.096291+00:00,0x151,01010A0000000000,move_j_mode
2026-09-25T15:29:26.298201+00:00,0x151,01010A0000000000,move_j_mode
2026-09-25T15:29:26.500215+00:00,0x151,01010A0000000000,move_j_mode
2026-09-25T15:29:26.702384+00:00,0x151,01010A0000000000,move_j_mode
2026-09-25T15:29:26.905740+00:00,0x151,01010A0000000000,move_j_mode
2026-09-25T15:29:27.158426+00:00,0x151,01010A0000000000,move_j_mode
2026-09-25T15:29:27.410975+00:00,0x151,01010A0000000000,move_j_mode
2026-09-25T15:29:27.612647+00:00,0x151,01010A0000000000,move_j_mode
2026-09-25T15:29:27.815364+00:00,0x151,01010A0000000000,move_j_mode
2026-09-25T15:29:28.017469+00:00,0x151,01010A0000000000,move_j_mode
2026-09-25T15:29:28.168823+00:00,0x151,01010A0000000000,move_j_mode
2026-09-25T15:29:28.421014+00:00,0x151,01010A0000000000,move_j_mode
2026-09-25T15:29:28.674246+00:00,0x151,01010A0000000000,move_j_mode
2026-09-25T15:29:28.876986+00:00,0x151,01010A0000000000,move_j_mode
2026-09-25T15:29:29.079298+00:00,0x151,01010A0000000000,move_j_mode
2026-09-25T15:29:29.282649+00:00,0x151,01010A0000000000,move_j_mode
2026-09-25T15:29:29.485878+00:00,0x151,01010A0000000000,move_j_mode
2026-09-25T15:29:29.688033+00:00,0x151,01010A0000000000,move_j_mode
2026-09-25T15:29:29.890373+00:00,0x151,01010A0000000000,move_j_mode
2026-09-25T15:29:30.092378+00:00,0x151,01010A0000000000,move_j_mode
2026-09-25T15:29:30.294491+00:00,0x151,01010A0000000000,move_j_mode
2026-09-25T15:29:30.496213+00:00,0x151,01010A0000000000,move_j_mode
2026-09-25T15:29:30.648799+00:00,0x151,01010A0000000000,move_j_mode
2026-09-25T15:29:30.850246+00:00,0x151,01010A0000000000,move_j_mode
2026-09-25T15:29:31.102987+00:00,0x151,01010A0000000000,move_j_mode
2026-09-25T15:29:31.354186+00:00,0x151,01010A0000000000,move_j_mode
2026-09-25T15:29:31.606291+00:00,0x151,01010A0000000000,move_j_mode
2026-09-25T15:29:31.859483+00:00,0x151,01010A0000000000,move_j_mode
2026-09-25T15:29:32.111554+00:00,0x151,01010A0000000000,move_j_mode
2026-09-25T15:29:32.364072+00:00,0x151,01010A0000000000,move_j_mode
2026-09-25T15:29:32.617143+00:00,0x151,01010A0000000000,move_j_mode
2026-09-25T15:29:32.869225+00:00,0x151,01010A0000000000,move_j_mode
2026-09-25T15:29:33.020406+00:00,0x151,01010A0000000000,move_j_mode
2026-09-25T15:29:33.272496+00:00,0x151,01010A0000000000,move_j_mode
2026-09-25T15:29:33.476027+00:00,0x151,01010A0000000000,move_j_mode
2026-09-25T15:29:33.678892+00:00,0x151,01010A0000000000,move_j_mode
2026-09-25T15:29:33.830522+00:00,0x151,01010A0000000000,move_j_mode
2026-09-25T15:29:34.032298+00:00,0x151,01010A0000000000,move_j_mode
2026-09-25T15:29:34.283732+00:00,0x151,01010A0000000000,move_j_mode
2026-09-25T15:29:34.536556+00:00,0x151,01010A0000000000,move_j_mode
2026-09-25T15:29:34.739860+00:00,0x151,01010A0000000000,move_j_mode
2026-09-25T15:29:34.941767+00:00,0x151,01010A0000000000,move_j_mode
2026-09-25T15:29:35.143803+00:00,0x151,01010A0000000000,move_j_mode
2026-09-25T15:29:35.345814+00:00,0x151,01010A0000000000,move_j_mode
2026-09-25T15:29:35.548483+00:00,0x151,01010A0000000000,move_j_mode
2026-09-25T15:29:35.749685+00:00,0x151,01010A0000000000,move_j_mode
2026-09-25T15:29:35.952103+00:00,0x151,01010A0000000000,move_j_mode
2026-09-25T15:29:36.154389+00:00,0x151,01010A0000000000,move_j_mode
2026-09-25T15:29:36.357552+00:00,0x151,01010A0000000000,move_j_mode
2026-09-25T15:29:36.560700+00:00,0x151,01010A0000000000,move_j_mode
2026-09-25T15:29:36.763937+00:00,0x151,01010A0000000000,move_j_mode
2026-09-25T15:29:36.966778+00:00,0x151,01010A0000000000,move_j_mode
2026-09-25T15:29:37.169106+00:00,0x151,01010A0000000000,move_j_mode
2026-09-25T15:29:37.371763+00:00,0x151,01010A0000000000,move_j_mode
2026-09-25T15:29:37.626195+00:00,0x151,01010A0000000000,move_j_mode
2026-09-25T15:29:37.778283+00:00,0x151,01010A0000000000,move_j_mode
2026-09-25T15:29:38.031764+00:00,0x151,01010A0000000000,move_j_mode
2026-09-25T15:29:38.235078+00:00,0x151,01010A0000000000,move_j_mode
2026-09-25T15:29:38.437470+00:00,0x151,01010A0000000000,move_j_mode
2026-09-25T15:29:38.640231+00:00,0x151,01010A0000000000,move_j_mode
2026-09-25T15:29:38.842626+00:00,0x151,01010A0000000000,move_j_mode
2026-09-25T15:29:39.045095+00:00,0x151,01010A0000000000,move_j_mode
2026-09-25T15:29:39.247077+00:00,0x151,01010A0000000000,move_j_mode
2026-09-25T15:29:39.448916+00:00,0x151,01010A0000000000,move_j_mode
2026-09-25T15:29:39.650671+00:00,0x151,01010A0000000000,move_j_mode
2026-09-25T15:29:39.853490+00:00,0x151,01010A0000000000,move_j_mode
2026-09-25T15:29:40.056547+00:00,0x151,01010A0000000000,move_j_mode
2026-09-25T15:29:40.259298+00:00,0x151,01010A0000000000,move_j_mode
2026-09-25T15:29:40.463611+00:00,0x151,01010A0000000000,move_j_mode
2026-09-25T15:29:40.665450+00:00,0x151,01010A0000000000,move_j_mode
2026-09-25T15:29:40.867849+00:00,0x151,01010A0000000000,move_j_mode
2026-09-25T15:29:41.069063+00:00,0x151,01010A0000000000,move_j_mode
2026-09-25T15:29:41.270996+00:00,0x151,01010A0000000000,move_j_mode
2026-09-25T15:29:41.474292+00:00,0x151,01010A0000000000,move_j_mode
2026-09-25T15:29:41.676075+00:00,0x151,01010A0000000000,move_j_mode
2026-09-25T15:29:41.928213+00:00,0x151,01010A0000000000,move_j_mode
2026-09-25T15:29:42.129561+00:00,0x151,01010A0000000000,move_j_mode
2026-09-25T15:29:42.331037+00:00,0x151,01010A0000000000,move_j_mode
2026-09-25T15:29:42.532784+00:00,0x151,01010A0000000000,move_j_mode
2026-09-25T15:29:42.734376+00:00,0x151,01010A0000000000,move_j_mode
2026-09-25T15:29:42.935839+00:00,0x151,01010A0000000000,move_j_mode
2026-09-25T15:29:43.136942+00:00,0x151,01010A0000000000,move_j_mode
2026-09-25T15:29:43.288485+00:00,0x151,01010A0000000000,move_j_mode
2026-09-25T15:29:43.491675+00:00,0x151,01010A0000000000,move_j_mode
2026-09-25T15:29:43.694444+00:00,0x151,01010A0000000000,move_j_mode
2026-09-25T15:29:43.896870+00:00,0x151,01010A0000000000,move_j_mode
2026-09-25T15:29:44.147983+00:00,0x151,01010A0000000000,move_j_mode
2026-09-25T15:29:44.399996+00:00,0x151,01010A0000000000,move_j_mode
2026-09-25T15:29:44.602869+00:00,0x151,01010A0000000000,move_j_mode
2026-09-25T15:29:44.805215+00:00,0x151,01010A0000000000,move_j_mode
2026-09-25T15:29:45.057409+00:00,0x151,01010A0000000000,move_j_mode
2026-09-25T15:29:45.309454+00:00,0x151,01010A0000000000,move_j_mode
2026-09-25T15:29:45.563002+00:00,0x151,01010A0000000000,move_j_mode
2026-09-25T15:29:45.714720+00:00,0x151,01010A0000000000,move_j_mode
2026-09-25T15:29:45.866379+00:00,0x151,01010A0000000000,move_j_mode
2026-09-25T15:29:46.119244+00:00,0x151,01010A0000000000,move_j_mode
2026-09-25T15:29:46.371981+00:00,0x151,01010A0000000000,move_j_mode
2026-09-25T15:29:46.623741+00:00,0x151,01010A0000000000,move_j_mode
2026-09-25T15:29:46.875584+00:00,0x151,01010A0000000000,move_j_mode
2026-09-25T15:29:47.076579+00:00,0x151,01010A0000000000,move_j_mode
2026-09-25T15:29:47.277677+00:00,0x151,01010A0000000000,move_j_mode
2026-09-25T15:29:47.480267+00:00,0x151,01010A0000000000,move_j_mode
2026-09-25T15:29:47.681791+00:00,0x151,01010A0000000000,move_j_mode
2026-09-25T15:29:47.884526+00:00,0x151,01010A0000000000,move_j_mode
2026-09-25T15:29:48.087663+00:00,0x151,01010A0000000000,move_j_mode
2026-09-25T15:29:48.290257+00:00,0x151,01010A0000000000,move_j_mode
2026-09-25T15:29:48.442470+00:00,0x151,01010A0000000000,move_j_mode
2026-09-25T15:29:48.594260+00:00,0x151,01010A0000000000,move_j_mode
2026-09-25T15:29:48.847826+00:00,0x151,01010A0000000000,move_j_mode
2026-09-25T15:29:49.100425+00:00,0x151,01010A0000000000,move_j_mode
2026-09-25T15:29:49.302559+00:00,0x151,01010A0000000000,move_j_mode
2026-09-25T15:29:49.505416+00:00,0x151,01010A0000000000,move_j_mode
2026-09-25T15:29:49.658387+00:00,0x151,01010A0000000000,move_j_mode
2026-09-25T15:29:49.810146+00:00,0x151,01010A0000000000,move_j_mode
2026-09-25T15:29:49.962519+00:00,0x151,01010A0000000000,move_j_mode
2026-09-25T15:29:50.116491+00:00,0x151,01010A0000000000,move_j_mode
2026-09-25T15:29:50.368811+00:00,0x151,01010A0000000000,move_j_mode
2026-09-25T15:29:50.571005+00:00,0x151,01010A0000000000,move_j_mode
2026-09-25T15:29:50.773082+00:00,0x151,01010A0000000000,move_j_mode
2026-09-25T15:29:50.925106+00:00,0x151,01010A0000000000,move_j_mode
2026-09-25T15:29:51.076756+00:00,0x151,01010A0000000000,move_j_mode
2026-09-25T15:29:51.278669+00:00,0x151,01010A0000000000,move_j_mode
2026-09-25T15:29:51.430568+00:00,0x151,01010A0000000000,move_j_mode
2026-09-25T15:29:51.582514+00:00,0x151,01010A0000000000,move_j_mode
2026-09-25T15:29:51.784594+00:00,0x151,01010A0000000000,move_j_mode
2026-09-25T15:29:51.987523+00:00,0x151,01010A0000000000,move_j_mode
2026-09-25T15:29:52.189716+00:00,0x151,01010A0000000000,move_j_mode
2026-09-25T15:29:52.391914+00:00,0x151,01010A0000000000,move_j_mode
2026-09-25T15:29:52.595596+00:00,0x151,01010A0000000000,move_j_mode
2026-09-25T15:29:52.748669+00:00,0x151,01010A0000000000,move_j_mode
2026-09-25T15:29:52.900540+00:00,0x151,01010A0000000000,move_j_mode
2026-09-25T15:29:53.102010+00:00,0x151,01010A0000000000,move_j_mode
2026-09-25T15:29:53.303541+00:00,0x151,01010A0000000000,move_j_mode
2026-09-25T15:29:53.505527+00:00,0x151,01010A0000000000,move_j_mode
2026-09-25T15:29:53.757730+00:00,0x151,01010A0000000000,move_j_mode
2026-09-25T15:29:54.009390+00:00,0x151,01010A0000000000,move_j_mode
2026-09-25T15:29:54.261515+00:00,0x151,01010A0000000000,move_j_mode
2026-09-25T15:29:54.463917+00:00,0x151,01010A0000000000,move_j_mode
2026-09-25T15:29:54.666778+00:00,0x151,01010A0000000000,move_j_mode
2026-09-25T15:29:54.869321+00:00,0x151,01010A0000000000,move_j_mode
2026-09-25T15:29:55.070444+00:00,0x151,01010A0000000000,move_j_mode
2026-09-25T15:29:55.272316+00:00,0x151,01010A0000000000,move_j_mode
2026-09-25T15:29:55.425515+00:00,0x151,01010A0000000000,move_j_mode
2026-09-25T15:29:55.627700+00:00,0x151,01010A0000000000,move_j_mode
2026-09-25T15:29:55.829852+00:00,0x151,01010A0000000000,move_j_mode
2026-09-25T15:29:56.032272+00:00,0x151,01010A0000000000,move_j_mode
2026-09-25T15:29:56.235097+00:00,0x151,01010A0000000000,move_j_mode
2026-09-25T15:29:56.388733+00:00,0x151,01010A0000000000,move_j_mode
2026-09-25T15:29:56.641459+00:00,0x151,01010A0000000000,move_j_mode
2026-09-25T15:29:56.893451+00:00,0x151,01010A0000000000,move_j_mode
2026-09-25T15:29:57.095091+00:00,0x151,01010A0000000000,move_j_mode
2026-09-25T15:29:57.297078+00:00,0x151,01010A0000000000,move_j_mode
2026-09-25T15:29:57.499755+00:00,0x151,01010A0000000000,move_j_mode
2026-09-25T15:29:57.702039+00:00,0x151,01010A0000000000,move_j_mode
2026-09-25T15:29:57.853549+00:00,0x151,01010A0000000000,move_j_mode
2026-09-25T15:29:58.056225+00:00,0x151,01010A0000000000,move_j_mode
2026-09-25T15:29:58.257376+00:00,0x151,01010A0000000000,move_j_mode
2026-09-25T15:29:58.459623+00:00,0x151,01010A0000000000,move_j_mode
2026-09-25T15:29:58.662022+00:00,0x151,01010A0000000000,move_j_mode
2026-09-25T15:29:58.864244+00:00,0x151,01010A0000000000,move_j_mode
2026-09-25T15:29:59.017611+00:00,0x151,01010A0000000000,move_j_mode
2026-09-25T15:29:59.169108+00:00,0x151,01010A0000000000,move_j_mode
2026-09-25T15:29:59.321442+00:00,0x151,01010A0000000000,move_j_mode
2026-09-25T15:29:59.473968+00:00,0x151,01010A0000000000,move_j_mode
2026-09-25T15:29:59.678468+00:00,0x151,01010A0000000000,move_j_mode
2026-09-25T15:29:59.881338+00:00,0x151,01010A0000000000,move_j_mode
2026-09-25T15:30:00.034145+00:00,0x151,01010A0000000000,move_j_mode
2026-09-25T15:30:00.286573+00:00,0x151,01010A0000000000,move_j_mode
2026-09-25T15:30:00.488248+00:00,0x151,01010A0000000000,move_j_mode
2026-09-25T15:30:00.691131+00:00,0x151,01010A0000000000,move_j_mode
2026-09-25T15:30:00.893087+00:00,0x151,01010A0000000000,move_j_mode
2026-09-25T15:30:01.095016+00:00,0x151,01010A0000000000,move_j_mode
2026-09-25T15:30:01.296839+00:00,0x151,01010A0000000000,move_j_mode
2026-09-25T15:30:01.448264+00:00,0x151,01010A0000000000,move_j_mode
2026-09-25T15:30:01.650811+00:00,0x151,01010A0000000000,move_j_mode
2026-09-25T15:30:01.854236+00:00,0x151,01010A0000000000,move_j_mode
2026-09-25T15:30:02.056804+00:00,0x151,01010A0000000000,move_j_mode
2026-09-25T15:30:02.308732+00:00,0x151,01010A0000000000,move_j_mode
2026-09-25T15:30:02.511650+00:00,0x151,01010A0000000000,move_j_mode
2026-09-25T15:30:02.714455+00:00,0x151,01010A0000000000,move_j_mode
2026-09-25T15:30:02.916809+00:00,0x151,01010A0000000000,move_j_mode
2026-09-25T15:30:03.119100+00:00,0x151,01010A0000000000,move_j_mode
2026-09-25T15:30:03.321524+00:00,0x151,01010A0000000000,move_j_mode
2026-09-25T15:30:03.523339+00:00,0x151,01010A0000000000,move_j_mode
2026-09-25T15:30:03.726211+00:00,0x151,01010A0000000000,move_j_mode
2026-09-25T15:30:03.928615+00:00,0x151,01010A0000000000,move_j_mode
2026-09-25T15:30:04.131942+00:00,0x151,01010A0000000000,move_j_mode
2026-09-25T15:30:04.333953+00:00,0x151,01010A0000000000,move_j_mode
2026-09-25T15:30:04.536029+00:00,0x151,01010A0000000000,move_j_mode
2026-09-25T15:30:04.737997+00:00,0x151,01010A0000000000,move_j_mode
2026-09-25T15:30:04.940964+00:00,0x151,01010A0000000000,move_j_mode
2026-09-25T15:30:05.091574+00:00,0x151,01010A0000000000,move_j_mode
2026-09-25T15:30:05.292919+00:00,0x151,01010A0000000000,move_j_mode
2026-09-25T15:30:05.497630+00:00,0x151,01010A0000000000,move_j_mode
2026-09-25T15:30:05.749705+00:00,0x151,01010A0000000000,move_j_mode
2026-09-25T15:30:05.951211+00:00,0x151,01010A0000000000,move_j_mode
2026-09-25T15:30:06.202178+00:00,0x151,01010A0000000000,move_j_mode
2026-09-25T15:30:06.353578+00:00,0x151,01010A0000000000,move_j_mode
2026-09-25T16:22:44.205129+00:00,0x151,01010A0000020000,move_j_mode
2026-09-25T16:22:44.255450+00:00,0x151,01FF0A0000000000,mode_unchanged_or_speed_config
2026-09-25T16:22:44.255522+00:00,0x151,01010A0000000000,move_j_mode
2026-09-25T16:24:13.531063+00:00,0x151,01010A0000020000,move_j_mode
2026-09-25T16:24:13.581195+00:00,0x151,01FF0A0000000000,mode_unchanged_or_speed_config
2026-09-25T16:24:13.581265+00:00,0x151,01010A0000000000,move_j_mode
2026-09-25T16:27:09.441160+00:00,0x151,01010A0000020000,move_j_mode
2026-09-25T16:27:09.491630+00:00,0x151,01FF0A0000000000,mode_unchanged_or_speed_config
2026-09-25T16:27:09.491774+00:00,0x151,01010A0000000000,move_j_mode
2026-09-25T16:29:14.473904+00:00,0x151,01010A0000020000,move_j_mode
2026-09-25T16:29:14.524507+00:00,0x151,01FF0A0000000000,mode_unchanged_or_speed_config
2026-09-25T16:29:14.524573+00:00,0x151,01010A0000000000,move_j_mode
2026-09-25T16:32:10.482869+00:00,0x151,01010A0000020000,move_j_mode
2026-09-25T16:32:10.533256+00:00,0x151,01FF0A0000000000,mode_unchanged_or_speed_config
2026-09-25T16:32:10.533378+00:00,0x151,01010A0000000000,move_j_mode
2026-09-25T16:40:48.672272+00:00,0x151,01FF050000000000,mode_unchanged_or_speed_config
2026-09-25T16:40:48.672451+00:00,0x151,0102050000000000,move_l_mode
2026-09-25T16:41:11.411419+00:00,0x151,01FF050000000000,mode_unchanged_or_speed_config
2026-09-25T16:41:11.411692+00:00,0x151,0102050000000000,move_l_mode
2026-09-25T16:41:37.617120+00:00,0x151,01FF050000000000,mode_unchanged_or_speed_config
2026-09-25T16:41:37.617222+00:00,0x151,0102050000000000,move_l_mode
2026-09-25T16:41:57.243524+00:00,0x151,01FF050000000000,mode_unchanged_or_speed_config
2026-09-25T16:41:57.243824+00:00,0x151,0102050000000000,move_l_mode
2026-09-25T16:42:16.589389+00:00,0x151,01FF050000000000,mode_unchanged_or_speed_config
2026-09-25T16:42:16.589535+00:00,0x151,0102050000000000,move_l_mode
2026-09-25T16:42:54.428608+00:00,0x151,01FF050000000000,mode_unchanged_or_speed_config
2026-09-25T16:42:54.428810+00:00,0x151,0102050000000000,move_l_mode
2026-09-25T16:43:21.581278+00:00,0x151,01FF050000000000,mode_unchanged_or_speed_config
2026-09-25T16:43:21.581459+00:00,0x151,0102050000000000,move_l_mode
2026-09-25T16:43:49.096545+00:00,0x151,01FF050000000000,mode_unchanged_or_speed_config
2026-09-25T16:43:49.097015+00:00,0x151,0102050000000000,move_l_mode
2026-09-25T16:46:31.843759+00:00,0x151,01FF050000000000,mode_unchanged_or_speed_config
2026-09-25T16:46:31.844311+00:00,0x151,0102050000000000,move_l_mode
2026-09-25T16:46:52.317052+00:00,0x151,01FF050000000000,mode_unchanged_or_speed_config
2026-09-25T16:46:52.317179+00:00,0x151,0102050000000000,move_l_mode
2026-09-25T16:47:12.587008+00:00,0x151,01FF050000000000,mode_unchanged_or_speed_config
2026-09-25T16:47:12.587257+00:00,0x151,0102050000000000,move_l_mode
2026-09-25T16:47:35.872684+00:00,0x151,01FF050000000000,mode_unchanged_or_speed_config
2026-09-25T16:47:35.873040+00:00,0x151,0102050000000000,move_l_mode
2026-09-25T16:48:07.562906+00:00,0x151,01FF050000000000,mode_unchanged_or_speed_config
2026-09-25T16:48:07.563372+00:00,0x151,0102050000000000,move_l_mode
2026-09-25T16:48:27.420980+00:00,0x151,01FF050000000000,mode_unchanged_or_speed_config
2026-09-25T16:48:27.421242+00:00,0x151,0102050000000000,move_l_mode
2026-09-25T16:48:52.403212+00:00,0x151,01FF050000000000,mode_unchanged_or_speed_config
2026-09-25T16:48:52.403942+00:00,0x151,0102050000000000,move_l_mode
2026-09-25T16:49:12.454200+00:00,0x151,01FF050000000000,mode_unchanged_or_speed_config
2026-09-25T16:49:12.454451+00:00,0x151,0102050000000000,move_l_mode
2026-09-25T17:01:41.110749+00:00,0x151,01010A0000020000,move_j_mode
2026-09-25T17:01:41.161565+00:00,0x151,01FF0A0000000000,mode_unchanged_or_speed_config
2026-09-25T17:01:41.162144+00:00,0x151,01010A0000000000,move_j_mode
2026-09-25T17:05:28.921684+00:00,0x151,01010A0000020000,move_j_mode
2026-09-25T17:05:28.971901+00:00,0x151,01FF0A0000000000,mode_unchanged_or_speed_config
2026-09-25T17:05:28.971971+00:00,0x151,01010A0000000000,move_j_mode
2026-09-25T17:06:45.515385+00:00,0x151,01010A0000020000,move_j_mode
2026-09-25T17:06:45.565922+00:00,0x151,01FF0A0000000000,mode_unchanged_or_speed_config
2026-09-25T17:06:45.566354+00:00,0x151,01010A0000000000,move_j_mode
2026-09-25T17:16:20.496484+00:00,0x151,01010A0000020000,move_j_mode
2026-09-25T17:16:20.547473+00:00,0x151,01FF0A0000000000,mode_unchanged_or_speed_config
2026-09-25T17:16:20.547627+00:00,0x151,01010A0000000000,move_j_mode
